{
  "${modID}:ExampleCard": {
    "NAME": "Constricting Strike",
    "DESCRIPTION": "Deal d apply blank constricted.",
    "UPGRADE_DESCRIPTION": "If you change the constructor of your card to use super(cardInfo, true); this will be the card's description when it is upgraded.",
    "EXTENDED_DESCRIPTION": [
      "You can put more text in here.",
      "If you need to use it for stuff.",
      "Blizzard is a good example for this."
    ]
  },
  "${modID}:MyCard": {
    "NAME": "Lil Hit",
    "DESCRIPTION": "Draw !M!. NL Gain !B! Block. NL Deal !D! damage. NL *Exhaust."
  },
  "${modID}:ConstrictStrike": {
    "NAME": "Constricting Strike",
    "DESCRIPTION": "Deal !D! damage. NL Apply !M! theconstrictor:Constricting. NL Gain 2 theconstrictor:Constricting."
  },
  "${modID}:DustyShiv": {
    "NAME": "Dusty Shiv",
    "DESCRIPTION": "Apply !M! theconstrictor:Constricting. NL Deal !D! damage. NL *Exhaust."
  },
  "${modID}:GoldenWave": {
    "NAME": "Golden Wave",
    "DESCRIPTION": "Deal !D! damage to all X Times. NL Gain !B! Block X Times. NL Exhaust."
  },
  "${modID}:Thirst": {
    "NAME": "Thirst",
    "DESCRIPTION": "Obtain a Duplication Potion. NL Exhaust."
  },
  "${modID}:Memory": {
    "NAME": "Memory",
    "DESCRIPTION": "Put !M! cards from your discard pile into your hand. NL Exhaust."
  },
  "${modID}:ShieldSlammer": {
    "NAME": "Shield Slammer",
    "DESCRIPTION": "Deal damage equal to your Block."
  },
  "${modID}:Sadistic": {
    "NAME": "Sadistic",
    "DESCRIPTION": "Whenever you apply a debuff to an enemy, they take !M! damage."
  },
  "${modID}:SharkSlap": {
    "NAME": "SharkSlap",
    "DESCRIPTION": "Deal !D! damage. NL Apply !M! Vulnerable."
  },
  "${modID}:BaseStrikePog": {
    "NAME": "Strike",
    "DESCRIPTION": "Deal !D! damage."
  },
  "${modID}:BaseBlock": {
    "NAME": "Defend",
    "DESCRIPTION": "Gain !B! Block."
  },
  "${modID}:BlockyBlock": {
    "NAME": "Blocky Block",
    "DESCRIPTION": "Gain !B! Block."
  },
  "${modID}:TreasureChest": {
    "NAME": "Treasure Chest",
    "DESCRIPTION": "Gain !B! Block. NL Gain !M! Gold. NL Exhaust."
  },
  "${modID}:Multihit": {
    "NAME": "Smack Em'",
    "DESCRIPTION": "Deal !D! damage 3 times."
  },
  "${modID}:Glasses": {
    "NAME": "Glasses",
    "DESCRIPTION": "Gain !M! Dexterity."
  },
  "${modID}:KrilleShield": {
    "NAME": "Krill Shield",
    "DESCRIPTION": "Gain !B! Block. NL Gain !M! *Thorns. NL *Exhaust."
  },
  "${modID}:BloodBag": {
    "NAME": "Blood Bag",
    "DESCRIPTION": "Lose 4 HP. NL Gain !M! Gold. NL Exhaust."
  },
  "${modID}:TidalWave": {
    "NAME": "Tidal Wave",
    "DESCRIPTION": "Deal !D! damage to ALL enemies."
  },
  "${modID}:RustyKnife": {
    "NAME": "RustyKnife",
    "DESCRIPTION": "Deal !D! damage. NL If Fatal, permanently increase this card's damage by !M!. NL Exhaust."
  },
  "${modID}:Chess": {
    "NAME": "Chess",
    "DESCRIPTION": "Next turn draw 1 extra card and gain 1 extra [E]."
  },
  "${modID}:SlackTide": {
    "NAME": "Slack Tide",
    "DESCRIPTION": "Gain !B! Block. NL The next Attack you play costs 0."
  },
  "${modID}:SludgeWave": {
    "NAME": "Sludge Wave",
    "DESCRIPTION": "Deal !D! damage and apply 1 Weak to ALL enemies."
  },
  "${modID}:EvilEye": {
    "NAME": "Evil Eye",
    "DESCRIPTION": "Enemy loses !M! Strength. NL Exhaust."
  },
  "${modID}:FairFight": {
    "NAME": "Fair Fight",
    "DESCRIPTION": "Gain !M! theconstrictor:RisingWater. NL Deal damage = to theconstrictor:RisingWater."
  },
  "${modID}:Mine": {
    "NAME": "Mine",
    "DESCRIPTION": "Put a card from your draw pile into your hand. NL Exhaust.",
    "UPGRADE_DESCRIPTION": "Innate. NL Put a card from your draw pile into your hand. NL Exhaust."
  },
  "${modID}:Flood": {
    "NAME": "Flood",
    "DESCRIPTION": "Innate. NL Gain !M! theconstrictor:RisingWater."
  },
  "${modID}:ColdShower": {
    "NAME": "Cold Shower",
    "DESCRIPTION": "Reduce your theconstrictor:Constricting by !M!. NL Exhaust a random card in your hand.",
    "UPGRADE_DESCRIPTION": "Reduce your theconstrictor:Constricting by !M!. NL Exhaust a card in your hand."
  },
  "${modID}:CoolOff": {
    "NAME": "Cool Off",
    "DESCRIPTION": "Gain !B! Block. NL Gain [E] next turn."
  },
  "${modID}:RoleReversal": {
    "NAME": "Role Reversal",
    "DESCRIPTION": "Gain !B! Block. NL Gain !M! theconstrictor:RisingWater. NL Exhaust."
  },
  "${modID}:SweptAway": {
    "NAME": "Swept Away",
    "DESCRIPTION": "Deal !D! damage to ALL enemies."
  },
  "${modID}:ShiningLight": {
    "NAME": "Shining Light",
    "DESCRIPTION": "Apply !M! Weak. NL Apply !M! Vulnerable. NL Draw !M! cards. NL *Exhaust."
  },
  "${modID}:EldrichBlast": {
    "NAME": "Eldrich Blast",
    "DESCRIPTION": "Deal !D! Damage to all enemies. NL Exhaust."
  },
  "${modID}:Hunger": {
    "NAME": "Hunger",
    "DESCRIPTION": "Gain !B! Block X Times. NL Exhaust up to !M! Cards."
  },
  "${modID}:Painless": {
    "NAME": "Painless",
    "DESCRIPTION": "Whenever a card is Exhausted, gain !M! Block."
  },
  "${modID}:ClearHead": {
    "NAME": "ClearHead",
    "DESCRIPTION": "Deal !D! damage. NL Exhaust a random card in your hand.",
    "UPGRADE_DESCRIPTION": "Deal !D! damage. NL Exhaust a card in your hand."
  },
  "${modID}:Envy": {
    "NAME": "Envy",
    "DESCRIPTION": "Innate. NL Draw !M! cards. NL Gain 2 theconstrictor:Constricting. NL Exhaust."
  },
  "${modID}:LoadOff": {
    "NAME": "Load Off",
    "DESCRIPTION": "At the end of your turn reduce your theconstrictor:Constricting by !M!.",
    "UPGRADE_DESCRIPTION": "At the end of your turn reduce your theconstrictor:Constricting by !M!."
  },
  "${modID}:Headache": {
    "NAME": "Headache",
    "DESCRIPTION": "Unplayable. NL If this card is Exhausted add A Last Gasp to your hand.",
    "UPGRADE_DESCRIPTION": "Unplayable. NL Retain. NL If this card is Exhausted add A Last Gasp to your hand."
  },
  "${modID}:TastyKelp": {
    "NAME": "Tasty Kelp",
    "DESCRIPTION": "Gain !M! Regen."
  },
  "${modID}:HideInHelmet": {
    "NAME": "Hide In Helmet",
    "DESCRIPTION": "At the end of your turn gain !M! Block."
  },
  "${modID}:FroggyMode": {
    "NAME": "Froggy Mode",
    "DESCRIPTION": "Gain !M! Strength. NL Gain !M! Dexterity."
  },
  "${modID}:StrangledStrike": {
    "NAME": "Strangled Strike",
    "DESCRIPTION": "Deal !D! damage. NL theconstrictor:Constricting affects this card !M! times."
  },
  "${modID}:EldrichForm": {
    "NAME": "Eldrich Form",
    "DESCRIPTION": "At the start of your turn add an Eldrich Blast to your hand.",
    "UPGRADE_DESCRIPTION": "Innate. NL At the start of your turn add an Eldrich Blast to your hand."
  },
  "${modID}:LastGasp": {
    "NAME": "Last Gasp",
    "DESCRIPTION": "Draw 2 Cards. NL Gain [E]. NL *Exhaust.",
    "UPGRADE_DESCRIPTION": "Innate. NL Draw 2 Cards. NL Gain [E]. NL *Exhaust."
  },
  "${modID}:Evolution": {
    "NAME": "Evolution",
    "DESCRIPTION": "At the start of your turn, draw one additional card.",
    "UPGRADE_DESCRIPTION": "Innate. NL At the start of your turn, draw one additional card."
  },
  "${modID}:InfiniteDust": {
    "NAME": "Infinite Dust",
    "DESCRIPTION": "At the start of your turn add a *Dusty Shiv into your hand.",
    "UPGRADE_DESCRIPTION": "At the start of your turn add a *Dusty Shiv into your hand. NL Add a *Dusty Shiv into your hand."
  },
  "${modID}:ShinyFish": {
    "NAME": "Shiny Fish",
    "DESCRIPTION": "Draw 1 card. NL Upgrade a card in your hand for the rest of combat.",
    "UPGRADE_DESCRIPTION": "Draw 1 card. NL Upgrade ALL cards in your hand for the rest of combat."
  },
  "${modID}:DeadlyGrip": {
    "NAME": "Deadly Grip",
    "DESCRIPTION": "Apply !M! theconstrictor:Constricting. NL Whenever you play a card this turn, the enemy loses !M! HP."
  },
  "${modID}:BigLilHit": {
    "NAME": "Big Lil Hit",
    "DESCRIPTION": "Add !M! *Lil *Hit to your hand. NL *Exhaust."
  },
  "${modID}:Smother": {
    "NAME": "Smother",
    "DESCRIPTION": "Apply !M! Weak. NL Apply !M! theconstrictor:Constricting."
  },
  "${modID}:BufferedSlam": {
    "NAME": "Buffered Slam",
    "DESCRIPTION": "Deal !D! damage. NL Prevent the next time you would lose HP this combat. NL Exhaust."
  },

  "${modID}:MyCard2": {
    "NAME": "Muddy Water",
    "DESCRIPTION": "Apply !M! theconstrictor:Constricting to ALL. NL Gain !B! Block."
  },
  "${modID}:EldrichAnger": {
    "NAME": "Eldritch Anger",
    "DESCRIPTION": "Apply !M! theconstrictor:Constricting to ALL. NL Gain !B! Block."
  },
  "${modID}:Miscalculated": {
    "NAME": "Miscalculated",
    "DESCRIPTION": "Gain !M! [E]. NL Gain 2 theconstrictor:Constricting."
  },
  "${modID}:DamSlam": {
    "NAME": "Dam Slam",
    "DESCRIPTION": "Deal !D! damage. NL Gain !M! theconstrictor:RisingWater. NL Exhaust."
  },
  "${modID}:Tentacle": {
    "NAME": "Talk To The Tentacle",
    "DESCRIPTION": "Deal !D! damage. NL Whenever you attack this enemy gain !M! Block. NL Exhaust."
  },
  "${modID}:Rest": {
    "NAME": "Rest",
    "DESCRIPTION": "Put !M! cards from your discard pile into your hand and Retain them. NL End your turn."
  },
  "${modID}:Stare": {
    "NAME": "Stare",
    "DESCRIPTION": "If the enemy has !M! or less HP, set their HP to 0."
  },
  "${modID}:IntoIt": {
    "NAME": "Into It",
    "DESCRIPTION": "Gain 3 Block. NL If your theconstrictor:Constricting is positive gain !M! block instead.",
    "UPGRADE_DESCRIPTION": "Gain 3 Block. NL If your theconstrictor:Constricting is positive gain !M! block instead."
  },
  "${modID}:Freedom": {
    "NAME": "Freedom",
    "DESCRIPTION": "Retain. NL Reduce your theconstrictor:Constricting by 20. NL Exhaust."
  },
  "${modID}:ChumInTheWater": {
    "NAME": "Chum In The Water",
    "DESCRIPTION": "Apply !M! theconstrictor:Constricting. NL When The enemy dies, deal damage equal to its max HP to ALL enemies."
  },
  "${modID}:FishyShield": {
    "NAME": "Fishy Shield",
    "DESCRIPTION": "Gain !B! Block. NL Add !M! *Dusty Shiv To Your Hand."
  },
  "${modID}:DolfinDance": {
    "NAME": "Dolfin Dance",
    "DESCRIPTION": "Gain 1 Dexterity. NL Gain !M! theconstrictor:Blur."
  },
  "${modID}:HealAMid": {
    "NAME": "StealAMid",
    "DESCRIPTION": "Deal !M! Damage. NL Heal !M!. NL Exhaust."
  },
  "${modID}:BlurryWater": {
    "NAME": "Blurry Water",
    "DESCRIPTION": "Gain !B! Block. NL Gain 1 theconstrictor:Blur."
  },
  "${modID}:InkBlast": {
    "NAME": "Ink Blast",
    "DESCRIPTION": "Apply 1 Weak. NL Apply 1 Vulnerable. Draw !M! Card.",
    "UPGRADE_DESCRIPTION": "Apply 1 Weak. NL Apply 1 Vulnerable. Draw !M! Cards."
  },
  "${modID}:AngelFishForm": {
    "NAME": "Angel Fish Form",
    "DESCRIPTION": "The first card you play each turn is played twice.",
    "UPGRADE_DESCRIPTION": "Innate. NL The first card you play each turn is played twice."
  },
  "${modID}:FroggyForm": {
    "NAME": "Froggy Form",
    "DESCRIPTION": "Ethereal. NL At the end of your turn gain 1 Strength and 1 Dexterity.",
    "UPGRADE_DESCRIPTION": "At the end of your turn gain 1 Strength and 1 Dexterity."
  },
  "${modID}:ReturnStrike": {
    "NAME": "Return Strike",
    "DESCRIPTION": "Deal !D! damage. NL Put a card from your discard pile into your hand. NL Exhaust.",
    "UPGRADE_DESCRIPTION": "Deal !D! damage. NL Put a card from your discard pile into your hand."
  },
  "${modID}:MasterFate": {
    "NAME": "Master Fate",
    "DESCRIPTION": "Whenever a card is created during combat, Upgrade it.",
    "UPGRADE_DESCRIPTION": "Innate. NL Whenever a card is created during combat, Upgrade it."
  },
  "${modID}:SecretCash": {
    "NAME": "Secret Cache",
    "DESCRIPTION": "Add !M! *Dusty Shiv To Your Hand."
  },
  "${modID}:SwordfishSlam": {
    "NAME": "Swordfish Slam",
    "DESCRIPTION": "Deal !D! damage X times."
  },
  "${modID}:NotIntoIt": {
    "NAME": "Not Into It",
    "DESCRIPTION": "Gain !B! Block. NL Reduce !M! theconstrictor:Constricting."
  },
  "${modID}:BathTime": {
    "NAME": "Bath Time",
    "DESCRIPTION": "Innate. NL Reduce your theconstrictor:Constricting by !M!. NL Exhaust."
  },
  "${modID}:AnchorTime": {
    "NAME": "Anchor Time",
    "DESCRIPTION": "Gain 4 theconstrictor:Constricting. NL Reduce the cost of all cards in your hand to 0 this turn."
  },
  "${modID}:BreakFree": {
    "NAME": "Break Free",
    "DESCRIPTION": "Deal !D! damage. NL Reduce !M! theconstrictor:Constricting.",
    "UPGRADE_DESCRIPTION": "Deal !D! damage. NL Reduce !M! theconstrictor:Constricting."
  },
  "${modID}:ShedSkin": {
    "NAME": "Shed Skin",
    "DESCRIPTION": "Draw !M! Cards. NL Exhaust 1 card."
  },
  "${modID}:PacificSailfishStrike": {
    "NAME": "Pacific Sailfish Strike",
    "DESCRIPTION": "Deal !D! damage. Draw !M! Card.",
    "UPGRADE_DESCRIPTION": "Deal !D! damage. Draw !M! Cards."
  },
  "${modID}:SmellyFish": {
    "NAME": "Smelly Fish",
    "DESCRIPTION": "At the start of your turn apply !M! theconstrictor:Constricting to all enemies."
  }
}
