{
  "${modID}:ConstrictingPower": {
    "NAME": "Constricting Power",
    "DESCRIPTIONS": [
      "Take #b",
      " damage at end of turn. Some like it."
    ]
  },
  "${modID}:InfiniteDustPower": {
    "NAME": "Infinite Dust",
    "DESCRIPTIONS": [
      "At the start of your turn add #b",
      " DustyShivs into your hand."
    ]
  },
  "${modID}:EldrichFormPower": {
    "NAME": "Eldrich Form",
    "DESCRIPTIONS": [
      "At the start of your turn add #b.",
      " Eldrich Blast to your hand."
    ]
  },
  "${modID}:FroggyFormPower": {
    "NAME": "Froggy Form Power",
    "DESCRIPTIONS": [
      "At the end of your turn gain #b",
      " #yStrength and #b",
      " #yDexterity."
    ]
  },
  "${modID}:RisingWater": {
    "NAME": "Rising Water",
    "DESCRIPTIONS": [
      "At the end of your turn increase by one and deal #b",
      " damage to ALL enemies."
    ]
  },
  "${modID}:LoadOffPower": {
    "NAME": "Load Off",
    "DESCRIPTIONS": [
      "At the start of your turn reduce your Constricted by #b",
      "."
    ]
  },
  "${modID}:NotNoxious": {
    "NAME": "Smelly Fish",
    "DESCRIPTIONS": [
      "At the start of your turn apply #b",
      " #yConstricting to all enemies."
    ]
  }
}